timestamp,transaction_id,user_id,amount
2023-09-03T12:45:00Z,t6,u6,3000.0
2023-09-03T12:47:00Z,t3,u3,2500.25
2023-09-03T12:47:00Z,t8,u8,2500.25
2023-09-03T12:46:00Z,t2,u2,1500.25
2023-09-03T12:46:00Z,t7,u7,1500.25
2023-09-03T12:48:00Z,t9,u9,1500.25
2023-09-03T12:49:00Z,t5,u5,1500.25
2023-09-03T12:45:00Z,t1,u1,500.25
2023-09-03T12:49:00Z,t10,u10,100.0
2023-09-03T12:48:00Z,t4,u4,100.0
